<?xml version="1.0"?>
<skin version="1.0" name="vendskin" author="Timo Tiuraniemi">

	<settings>
		<setting name="backcolor" value="0x530C05" />
		<setting name="frontcolor" value="0x530C05" />
		<setting name="lightcolor" value="0x000000" />
		<setting name="screencolor" value="0x000000" />
	</settings>

	<components>
		<component name="controlbar">
			<settings>
				<setting name="margin" value="10" />
				<setting name="fontsize" value="10" />
			</settings>
			<layout>
				<group position="left">
					<slider name="volume" />
					<divider />
					<button name="stop" />
					<divider />
					<button name="prev" />
					<divider />
					<button name="play" />
					<divider />
					<button name="next" />
				</group>
			</layout>
			<elements>
				<element name="background" src="background.png" />
				<element name="capLeft" src="capLeft.png" />
				<element name="capRight" src="capRight.png" />
				<element name="shade" src="background.png" />
				<element name="divider" src="divider.png" />
				<element name="playButton" src="playButton.png" />
				<element name="pauseButton" src="pauseButton.png" />
				<element name="pauseButtonOver" src="pauseButtonOver.png" />
				<element name="stopButton" src="stopButton.png" />
				<element name="nextButton" src="nextButton.png" />
				<element name="prevButton" src="prevButton.png" />
				<element name="volumeSliderRail" src="volumeSliderRail.png" />
				<element name="volumeSliderBuffer" src="volumeSliderBuffer.png" />
				<element name="volumeSliderProgress" src="volumeSliderProgress.png" />
			</elements>
		</component>
		
		<component name="display">
			<elements>
				<element name="background" src="background.png" />
			</elements>
		</component>
		
		<component name="dock">
			<elements>
			</elements>
		</component>
		
		<component name="playlist">
			<settings>
				<setting name="font" value="Georgia" />
				<setting name="fontstyle" value="italic" />
				<setting name="fontsize" value="11" />
				<setting name="fontweight" value="normal" />
				<setting name="overcolor" value="0x530C05" />
			</settings>
			<elements>
				<element name="background" src="background.png" />
				<element name="item" src="item.png" />
				<element name="sliderRail" src="sliderRail.png" />
				<element name="sliderThumb" src="sliderThumb.png" />
			</elements>
		</component>
	</components>

</skin>
